Name,Roll No,Age
Atanu,101,21
Sanchari,100,22
Raju,102,23
Mita,103,21
Anik,104,24
Rina,105,22
Sneha,106,23
Kqbelhrm Epwns,1,19
Qwxnovnx Jzvdmprfn,2,24
Gunxho Efjsgm,3,22
Uyqmwhl Iiazxefgb,4,22
Zkhk Hprdd,5,18
Sjqtyw Fhdil,6,19
Qeog Uboakedzj,7,25
Kuokiz Oavdixoqx,8,24
Zfqnw Japqw,9,20
Tgxq Bpvvbt,10,22
Xgsrawhv Yyzrd,11,20
Noxwl Jlatpuuau,12,25
Fpcq Kkeucarsv,13,24
Zwuvdsdo Lobxlriwk,14,18
Ftkup Bcljady,15,25
Dorcazuo Casqi,16,19
Cbsusav Bawsuo,17,18
Jyihlf Broqil,18,18
Fkdkjxzz Hriluxtx,19,25
Slsj Wfrcrt,20,20
Aoserrf Fdnrk,21,18
Acabwztd Elxmfhpgc,22,20
Gcgmndq Dfkwszo,23,25
Qlldelsm Rdulapwf,24,21
Zrnqdxf Bjgnkkt,25,21
Pvjhhq Qdobn,26,22
Bblzbh Cooymskj,27,24
Dquvfgk Bhzfp,28,25
Jszolw Fbqntdyw,29,19
Drmb Qvuinhjbb,30,22
Yufxsfjj Ngssfzpqa,31,20
Tapgob Nhbjapt,32,21
Ckwitj Gjrxfx,33,25
Xybmq Oxkfc,34,22
Zyqpsq Yqiicakmh,35,23
Svrfd Nqbcp,36,18
Ujkjl Hebmw,37,20
Idgfdjlz Ebjdviv,38,25
Enlryna Dgujs,39,25
Drbglb Etvocdjq,40,21
Wvhy Nuodio,41,22
Ponsvf Tyijfhg,42,25
Drze Nrrvtx,43,20
Leyhmoa Soxpthog,44,21
Rvaqg Zeztlemv,45,25
Zuuuxp Skqowl,46,25
Dgznlk Cewolz,47,19
Fnksqv Bbdfdxqb,48,23
Rgrr Tkqtgv,49,24
Wveekj Jezdwpt,50,23
Ugcygwe Skiwrr,51,25
Eassuy Xbmxocbtf,52,19
Lglqjd Aiclkbtn,53,22
Hapw Cltnad,54,20
Kshkzgm Ruxctky,55,18
Urqfiwte Zhzftls,56,19
Fyis Qtevrkis,57,24
Mmrwo Zzjbzkc,58,18
Wzmeo Qelbjrgiq,59,23
Hzpe Xkgtum,60,19
Kwrqiz Zjoutqex,61,19
Ojoaca Qpwax,62,22
Ydgnrmcf Ethvrr,63,25
Hatnazcg Zzdfxtam,64,24
Axyl Xnjwi,65,22
Tzxuuit Ydrawkkxl,66,21
Vlemvkj Nbpivz,67,24
Suhhdln Hduazh,68,19
Wvacm Lyncnetpt,69,19
Qrzzwme Tnviujgj,70,22
Mvbvcp Yquvs,71,25
Opoujlso Khovj,72,20
Ailkg Sefclzsjn,73,22
Uoniq Kebljnh,74,25
Nzcq Weaxalgif,75,20
Uhwibdm Ckhgngzzg,76,24
Vhdouan Yizznwjho,77,18
Aogkcufy Mebrjfdj,78,18
Eqlzb Yhmamp,79,23
Eounhs Guwgcqh,80,22
Yqha Bliedai,81,21
Mour Ugpfc,82,21
Glqbsez Xmijfdr,83,18
Dvcw Dqqfeb,84,18
Bejpoil Jytrhisjr,85,21
Ugdsrqcc Gwrtsrz,86,19
Qyebki Abhtwhktd,87,18
Bvmjytg Efiiprk,88,23
Ocqm Iywgjwcu,89,25
Afbzhbi Ptxkugc,90,25
Ickli Cfkspy,91,18
Bfapkq Publdp,92,21
Ocsoac Mpeunugp,93,25
Tdaqu Wwovsaa,94,21
Asaupudg Oqaecevr,95,19
Ylrvbs Vrpdtzhh,96,20
Qzixy Bbfzbmz,97,19
Gafij Utgywgtwy,98,22
Lait Kqjgd,99,23
Gputffni Lbmcdh,107,18
Qssgq Vuhbyyug,108,18
Zbgzr Jdovuyo,109,24
Awaokw Xawno,110,25
Azisqcu Qiujfmc,111,22
Uqbzqyoi Bqivrnglh,112,18
Chpgphio Vomfco,113,21
Gimlzvg Rodir,114,18
Onkb Pjxkgrva,115,19
Vmabuh Jkvudaei,116,19
Dhpxb Ugmzx,117,25
Yfzkfw Ovatma,118,24
Qmca Kaorua,119,22
Aagjdnei Usgpkzrm,120,18
Xpjrvi Enwwrx,121,25
Azzyqu Pbqvbomot,122,18
Wvea Lcvtv,123,23
Hwwcpjoh Ekggq,124,19
Vpux Pfxhxncfq,125,25
Checwkp Apauntxbb,126,24
Offvkgxi Plzdxzgfm,127,25
Nsakvjly Lavkhrun,128,25
Bhekrrf Htmrtdql,129,24
Jmnms Ykqlv,130,20
Vvdutx Ljncmshtt,131,21
Ladyl Wgtvx,132,23
Ndgxqzu Cuknugf,133,23
Kzewtnqg Hspylg,134,24
Jnnn Tkhajzs,135,22
Mrms Skbwbbvtd,136,22
Oiqmhcnn Ryyrvw,137,25
Ghsdzfrg Tyqecvsnk,138,21
Wjrppw Qleclaqj,139,19
Pmtyx Zaohkzjj,140,25
Auquz Fsvsiode,141,19
Cheptmv Oyunbf,142,25
Rutoh Qaywnpavi,143,19
Jnpz Megztzqsa,144,20
Mvoma Tekyme,145,18
Pqavg Laojasrk,146,25
Mxjlc Ctwpn,147,20
Qpfbvf Tzyqkslu,148,21
Qryxebrq Jmyqspat,149,21
Gmpjpf Rublu,150,23
Lbwdd Arcwlkr,151,21
Xxumfm Ublhk,152,20
Knuvt Sgmgqe,153,24
Zddtmqvo Sfeddak,154,23
Ksxvlosl Ciouwkuv,155,18
Suze Ewixmceu,156,18
Grhps Uhxcue,157,18
Xgtkelx Xbkep,158,21
Ztrubxw Xzxjh,159,24
Qtegzquq Gaxhj,160,20
Ybowm Qlbne,161,24
Txkmfsc Hojup,162,25
Mzkxdxd Cpuke,163,21
Qyuhtkkb Osktnynz,164,22
Gzjsxe Kebhgsqv,165,24
Ynqj Ipkpqafo,166,21
Uvjn Sfpqlxk,167,25
Tzzpp Uvoxpbpnn,168,19
Xfunv Qienonyf,169,25
Jytbax Zbkqvmagd,170,18
Ygsxdfw Hqgwmwcce,171,23
Hlvotfi Fgjnuvolb,172,23
Adojajpn Coxcfs,173,25
Riyn Nipozdvn,174,19
Mcfqype Walqog,175,24
Cderrshv Yexidnp,176,21
Hhbteqc Jarqm,177,22
Sagtvkpt Abhwg,178,20
Dhqb Beyodbo,179,25
Esrg Jovqvtv,180,20
Igvzz Pmkcrcsp,181,20
Nihchmr Xqozcnnku,182,19
Hypgnpmn Ilsaebwcs,183,22
Eydjb Ngssjj,184,25
Etvomrwi Qthzdnx,185,21
Tteq Zomryrr,186,20
Nhlhu Ohlwnt,187,24
Xmqur Aksgd,188,25
Omsf Pfhwps,189,22
Szqr Tcsdpcr,190,18
Nmfhc Sziluj,191,22
Kszv Bmoxo,192,23
Tkngi Xmpuh,193,24
Gymjmkc Tgazdbypw,194,18
Bbhov Adlni,195,23
Syyhgmiv Vwwzqbobd,196,25
Rhyssh Jbwfmzjs,197,21
Jcgr Fufpipyd,198,19
Qtefvutf Mxpjxj,199,23
Pozngsqb Voqak,200,25
Hebpm Bvuejzkpa,201,22
Wqrkei Tlzavdmw,202,25
Xcouib Dlgkpc,203,20
Yjdx Oqpqrvmg,204,25
Mmiqza Yggqg,205,24
Bqqmmxy Wbplgni,206,22
Tpjz Pofvba,207,20
Jibqkyps Rucwd,208,21
Fyhaxott Jcscfqyv,209,22
Qxxbd Oksqys,210,20
Wnmwcr Rrtrlg,211,24
Dhqyaj Lotpwen,212,25
Rzew Tstjh,213,21
Kdpfwt Njydk,214,22
Mqzwirh Qtxqhj,215,19
Qbjp Ybhawu,216,25
Tteax Zkzxzsmiw,217,21
Swcy Mfwgvb,218,20
Dtweh Tyofjdzla,219,19
Ypwsg Vhzswph,220,21
Asnz Pneqcj,221,24
Hwmwlseh Yytfaxvq,222,21
Zdezsew Mqewueen,223,22
Mpfh Iacastyo,224,21
Sihpi Eymqrq,225,21
Yspgd Hjlvgobxl,226,20
Oobt Inynresmz,227,22
Clviaif Dygskka,228,23
Tbiwzgb Jlfoddbp,229,20
Iilvr Uhcztuz,230,25
Buozsa Tbmscqn,231,18
Sasakjdr Ivxtktnwl,232,19
Fjcn Nzrtwm,233,20
Sfbr Varvctz,234,19
Bprh Cbfqxqo,235,22
Iqsvrp Gjnmotxj,236,23
Irowvs Vyrkgqkt,237,19
Hexsp Eeptdhw,238,25
Cnzg Cgmeuv,239,18
Rxwi Fxtdudhu,240,25
Vlkbtpvk Qeztbtbpf,241,21
Nxoz Bmxjupi,242,20
Qqykjwp Tfnnwpsnr,243,25
Uqne Smwdrve,244,20
Wopqrko Okosbdly,245,22
Zvdeqo Wssifdr,246,23
Pgzi Esfbvopj,247,19
Bapub Wmwssbnna,248,24
Xiqmeaei Amqmrban,249,22
Vbfut Qzvrpput,250,23
Sxihbqvv Ndkfqr,251,21
Gitbdoix Oqegi,252,22
Dxxjf Slqowg,253,25
Ineb Acdqiec,254,21
Dqvisjp Tgbdb,255,18
Srgh Evcvbgcm,256,20
Jswzr Vdnfa,257,25
Juyibf Aonsye,258,23
Chxui Jmhzvlevm,259,25
Jnxjeifu Skuns,260,25
Iyzvqd Aqwfr,261,23
Acjbiwuf Fbvmsy,262,22
Kkpcobp Fkkgla,263,18
Llln Qwgsxn,264,24
Owljwrtc Mbqzo,265,18
Ixjnp Llwkxvquh,266,20
Yusysgu Umhvzp,267,18
Ckffujyg Yucetmiai,268,24
Ahdjg Lmnya,269,22
Kshcel Knnhqfze,270,21
Sexyany Xzrumzp,271,18
Dptfvc Fcaicqoxy,272,22
Rbogbeby Cecprjfs,273,18
Gquxl Tmjvwoi,274,20
Lzpfvo Bdeiljtzr,275,25
Zlqvmp Leajc,276,21
Yqsppz Fciotqbp,277,24
Ygsiggd Yhcrsgezd,278,23
Vvmu Rtvwohzc,279,20
Eeewwf Napxhug,280,24
Grhgpagg Shudz,281,18
Gmqfs Szwatizs,282,23
Wkmrm Tkukhtbgt,283,19
Pemjhyc Mjuuqocee,284,19
Zrvorgla Fraauf,285,21
Gqofch Ayzfyqft,286,21
Gpabt Frojb,287,20
Vvcr Nxduc,288,20
Vgzfjw Rsztxbhb,289,19
Jcyokppd Ilvcgowni,290,20
Eihfmtx Gwqffvpm,291,19
Ypjzhx Zxzhrvdcm,292,22
Fljgsha Sfwuw,293,23
Qrekepha Gidbvumd,294,23
Amjpsps Gdpsfh,295,25
Whgmajjk Mefnfwapa,296,21
Fmjpi Aidbuuh,297,24
Lpngqyai Xpzvqy,298,23
Jdhgrdi Rdyis,299,24
Ffey Umqavfz,300,25
Kqbelhrm Epwns,1,19
Qwxnovnx Jzvdmprfn,2,24
Gunxho Efjsgm,3,22
Uyqmwhl Iiazxefgb,4,22
Zkhk Hprdd,5,18
Sjqtyw Fhdil,6,19
Qeog Uboakedzj,7,25
Kuokiz Oavdixoqx,8,24
Zfqnw Japqw,9,20
Tgxq Bpvvbt,10,22
Xgsrawhv Yyzrd,11,20
Noxwl Jlatpuuau,12,25
Fpcq Kkeucarsv,13,24
Zwuvdsdo Lobxlriwk,14,18
Ftkup Bcljady,15,25
Dorcazuo Casqi,16,19
Cbsusav Bawsuo,17,18
Jyihlf Broqil,18,18
Fkdkjxzz Hriluxtx,19,25
Slsj Wfrcrt,20,20
Aoserrf Fdnrk,21,18
Acabwztd Elxmfhpgc,22,20
Gcgmndq Dfkwszo,23,25
Qlldelsm Rdulapwf,24,21
Zrnqdxf Bjgnkkt,25,21
Pvjhhq Qdobn,26,22
Bblzbh Cooymskj,27,24
Dquvfgk Bhzfp,28,25
Jszolw Fbqntdyw,29,19
Drmb Qvuinhjbb,30,22
Yufxsfjj Ngssfzpqa,31,20
Tapgob Nhbjapt,32,21
Ckwitj Gjrxfx,33,25
Xybmq Oxkfc,34,22
Zyqpsq Yqiicakmh,35,23
Svrfd Nqbcp,36,18
Ujkjl Hebmw,37,20
Idgfdjlz Ebjdviv,38,25
Enlryna Dgujs,39,25
Drbglb Etvocdjq,40,21
Wvhy Nuodio,41,22
Ponsvf Tyijfhg,42,25
Drze Nrrvtx,43,20
Leyhmoa Soxpthog,44,21
Rvaqg Zeztlemv,45,25
Zuuuxp Skqowl,46,25
Dgznlk Cewolz,47,19
Fnksqv Bbdfdxqb,48,23
Rgrr Tkqtgv,49,24
Wveekj Jezdwpt,50,23
Ugcygwe Skiwrr,51,25
Eassuy Xbmxocbtf,52,19
Lglqjd Aiclkbtn,53,22
Hapw Cltnad,54,20
Kshkzgm Ruxctky,55,18
Urqfiwte Zhzftls,56,19
Fyis Qtevrkis,57,24
Mmrwo Zzjbzkc,58,18
Wzmeo Qelbjrgiq,59,23
Hzpe Xkgtum,60,19
Kwrqiz Zjoutqex,61,19
Ojoaca Qpwax,62,22
Ydgnrmcf Ethvrr,63,25
Hatnazcg Zzdfxtam,64,24
Axyl Xnjwi,65,22
Tzxuuit Ydrawkkxl,66,21
Vlemvkj Nbpivz,67,24
Suhhdln Hduazh,68,19
Wvacm Lyncnetpt,69,19
Qrzzwme Tnviujgj,70,22
Mvbvcp Yquvs,71,25
Opoujlso Khovj,72,20
Ailkg Sefclzsjn,73,22
Uoniq Kebljnh,74,25
Nzcq Weaxalgif,75,20
Uhwibdm Ckhgngzzg,76,24
Vhdouan Yizznwjho,77,18
Aogkcufy Mebrjfdj,78,18
Eqlzb Yhmamp,79,23
Eounhs Guwgcqh,80,22
Yqha Bliedai,81,21
Mour Ugpfc,82,21
Glqbsez Xmijfdr,83,18
Dvcw Dqqfeb,84,18
Bejpoil Jytrhisjr,85,21
Ugdsrqcc Gwrtsrz,86,19
Qyebki Abhtwhktd,87,18
Bvmjytg Efiiprk,88,23
Ocqm Iywgjwcu,89,25
Afbzhbi Ptxkugc,90,25
Ickli Cfkspy,91,18
Bfapkq Publdp,92,21
Ocsoac Mpeunugp,93,25
Tdaqu Wwovsaa,94,21
Asaupudg Oqaecevr,95,19
Ylrvbs Vrpdtzhh,96,20
Qzixy Bbfzbmz,97,19
Gafij Utgywgtwy,98,22
Lait Kqjgd,99,23
Ukbrapfa Eawzy,100,20
Anqoeas Hpomgc,101,21
Wwnr Msdjbmbve,102,21
Efhnebt Cunjdhwr,103,21
Suyvbc Nyyctz,104,18
Wggcjmb Bxxabiq,105,24
Lezypmlz Ejxitew,106,21
Gputffni Lbmcdh,107,18
Qssgq Vuhbyyug,108,18
Zbgzr Jdovuyo,109,24
Awaokw Xawno,110,25
Azisqcu Qiujfmc,111,22
Uqbzqyoi Bqivrnglh,112,18
Chpgphio Vomfco,113,21
Gimlzvg Rodir,114,18
Onkb Pjxkgrva,115,19
Vmabuh Jkvudaei,116,19
Dhpxb Ugmzx,117,25
Yfzkfw Ovatma,118,24
Qmca Kaorua,119,22
Aagjdnei Usgpkzrm,120,18
Xpjrvi Enwwrx,121,25
Azzyqu Pbqvbomot,122,18
Wvea Lcvtv,123,23
Hwwcpjoh Ekggq,124,19
Vpux Pfxhxncfq,125,25
Checwkp Apauntxbb,126,24
Offvkgxi Plzdxzgfm,127,25
Nsakvjly Lavkhrun,128,25
Bhekrrf Htmrtdql,129,24
Jmnms Ykqlv,130,20
Vvdutx Ljncmshtt,131,21
Ladyl Wgtvx,132,23
Ndgxqzu Cuknugf,133,23
Kzewtnqg Hspylg,134,24
Jnnn Tkhajzs,135,22
Mrms Skbwbbvtd,136,22
Oiqmhcnn Ryyrvw,137,25
Ghsdzfrg Tyqecvsnk,138,21
Wjrppw Qleclaqj,139,19
Pmtyx Zaohkzjj,140,25
Auquz Fsvsiode,141,19
Cheptmv Oyunbf,142,25
Rutoh Qaywnpavi,143,19
Jnpz Megztzqsa,144,20
Mvoma Tekyme,145,18
Pqavg Laojasrk,146,25
Mxjlc Ctwpn,147,20
Qpfbvf Tzyqkslu,148,21
Qryxebrq Jmyqspat,149,21
Gmpjpf Rublu,150,23
Lbwdd Arcwlkr,151,21
Xxumfm Ublhk,152,20
Knuvt Sgmgqe,153,24
Zddtmqvo Sfeddak,154,23
Ksxvlosl Ciouwkuv,155,18
Suze Ewixmceu,156,18
Grhps Uhxcue,157,18
Xgtkelx Xbkep,158,21
Ztrubxw Xzxjh,159,24
Qtegzquq Gaxhj,160,20
Ybowm Qlbne,161,24
Txkmfsc Hojup,162,25
Mzkxdxd Cpuke,163,21
Qyuhtkkb Osktnynz,164,22
Gzjsxe Kebhgsqv,165,24
Ynqj Ipkpqafo,166,21
Uvjn Sfpqlxk,167,25
Tzzpp Uvoxpbpnn,168,19
Xfunv Qienonyf,169,25
Jytbax Zbkqvmagd,170,18
Ygsxdfw Hqgwmwcce,171,23
Hlvotfi Fgjnuvolb,172,23
Adojajpn Coxcfs,173,25
Riyn Nipozdvn,174,19
Mcfqype Walqog,175,24
Cderrshv Yexidnp,176,21
Hhbteqc Jarqm,177,22
Sagtvkpt Abhwg,178,20
Dhqb Beyodbo,179,25
Esrg Jovqvtv,180,20
Igvzz Pmkcrcsp,181,20
Nihchmr Xqozcnnku,182,19
Hypgnpmn Ilsaebwcs,183,22
Eydjb Ngssjj,184,25
Etvomrwi Qthzdnx,185,21
Tteq Zomryrr,186,20
Nhlhu Ohlwnt,187,24
Xmqur Aksgd,188,25
Omsf Pfhwps,189,22
Szqr Tcsdpcr,190,18
Nmfhc Sziluj,191,22
Kszv Bmoxo,192,23
Tkngi Xmpuh,193,24
Gymjmkc Tgazdbypw,194,18
Bbhov Adlni,195,23
Syyhgmiv Vwwzqbobd,196,25
Rhyssh Jbwfmzjs,197,21
Jcgr Fufpipyd,198,19
Qtefvutf Mxpjxj,199,23
Pozngsqb Voqak,200,25
Hebpm Bvuejzkpa,201,22
Wqrkei Tlzavdmw,202,25
Xcouib Dlgkpc,203,20
Yjdx Oqpqrvmg,204,25
Mmiqza Yggqg,205,24
Bqqmmxy Wbplgni,206,22
Tpjz Pofvba,207,20
Jibqkyps Rucwd,208,21
Fyhaxott Jcscfqyv,209,22
Qxxbd Oksqys,210,20
Wnmwcr Rrtrlg,211,24
Dhqyaj Lotpwen,212,25
Rzew Tstjh,213,21
Kdpfwt Njydk,214,22
Mqzwirh Qtxqhj,215,19
Qbjp Ybhawu,216,25
Tteax Zkzxzsmiw,217,21
Swcy Mfwgvb,218,20
Dtweh Tyofjdzla,219,19
Ypwsg Vhzswph,220,21
Asnz Pneqcj,221,24
Hwmwlseh Yytfaxvq,222,21
Zdezsew Mqewueen,223,22
Mpfh Iacastyo,224,21
Sihpi Eymqrq,225,21
Yspgd Hjlvgobxl,226,20
Oobt Inynresmz,227,22
Clviaif Dygskka,228,23
Tbiwzgb Jlfoddbp,229,20
Iilvr Uhcztuz,230,25
Buozsa Tbmscqn,231,18
Sasakjdr Ivxtktnwl,232,19
Fjcn Nzrtwm,233,20
Sfbr Varvctz,234,19
Bprh Cbfqxqo,235,22
Iqsvrp Gjnmotxj,236,23
Irowvs Vyrkgqkt,237,19
Hexsp Eeptdhw,238,25
Cnzg Cgmeuv,239,18
Rxwi Fxtdudhu,240,25
Vlkbtpvk Qeztbtbpf,241,21
Nxoz Bmxjupi,242,20
Qqykjwp Tfnnwpsnr,243,25
Uqne Smwdrve,244,20
Wopqrko Okosbdly,245,22
Zvdeqo Wssifdr,246,23
Pgzi Esfbvopj,247,19
Bapub Wmwssbnna,248,24
Xiqmeaei Amqmrban,249,22
Vbfut Qzvrpput,250,23
Sxihbqvv Ndkfqr,251,21
Gitbdoix Oqegi,252,22
Dxxjf Slqowg,253,25
Ineb Acdqiec,254,21
Dqvisjp Tgbdb,255,18
Srgh Evcvbgcm,256,20
Jswzr Vdnfa,257,25
Juyibf Aonsye,258,23
Chxui Jmhzvlevm,259,25
Jnxjeifu Skuns,260,25
Iyzvqd Aqwfr,261,23
Acjbiwuf Fbvmsy,262,22
Kkpcobp Fkkgla,263,18
Llln Qwgsxn,264,24
Owljwrtc Mbqzo,265,18
Ixjnp Llwkxvquh,266,20
Yusysgu Umhvzp,267,18
Ckffujyg Yucetmiai,268,24
Ahdjg Lmnya,269,22
Kshcel Knnhqfze,270,21
Sexyany Xzrumzp,271,18
Dptfvc Fcaicqoxy,272,22
Rbogbeby Cecprjfs,273,18
Gquxl Tmjvwoi,274,20
Lzpfvo Bdeiljtzr,275,25
Zlqvmp Leajc,276,21
Yqsppz Fciotqbp,277,24
Ygsiggd Yhcrsgezd,278,23
Vvmu Rtvwohzc,279,20
Eeewwf Napxhug,280,24
Grhgpagg Shudz,281,18
Gmqfs Szwatizs,282,23
Wkmrm Tkukhtbgt,283,19
Pemjhyc Mjuuqocee,284,19
Zrvorgla Fraauf,285,21
Gqofch Ayzfyqft,286,21
Gpabt Frojb,287,20
Vvcr Nxduc,288,20
Vgzfjw Rsztxbhb,289,19
Jcyokppd Ilvcgowni,290,20
Eihfmtx Gwqffvpm,291,19
Ypjzhx Zxzhrvdcm,292,22
Fljgsha Sfwuw,293,23
Qrekepha Gidbvumd,294,23
Amjpsps Gdpsfh,295,25
Whgmajjk Mefnfwapa,296,21
Fmjpi Aidbuuh,297,24
Lpngqyai Xpzvqy,298,23
Jdhgrdi Rdyis,299,24
Ffey Umqavfz,300,25
