id,customer_name,country
1,Wvqynkld Ovfrbga,Spain
2,Ljej Uwqceqka,Canada
3,Fqpjs Mhhud,Australia
4,Gwupnim Ebppw,Germany
5,Qnxchdjf Fpmfw,Germany
6,Kaeizvke Jleksr,India
7,Ircpag Eiwdc,Japan
8,Wyfxt Aockdglf,Singapore
9,Bvsn Vyrvpfvmn,Japan
10,Xqnqfh Abmstnjjl,China
11,Gwmtbage Lbiwaane,Italy
12,Exbtikcw Rtvlkiyb,United Kingdom
13,Yvumznv Lhnkgzd,South Africa
14,Srdwv Wxecwdbg,Singapore
15,Xbnqyf Cfuts,Australia
16,Mqqji Yitwkt,Netherlands
17,Zphx Fsjrizht,Italy
18,Tkxenta Aqtay,Australia
19,Owpggrzt Zpygvpbuf,China
20,Eikpobmo Griqp,Italy
21,Ptfr Kcaqzpl,United States
22,Qbiurczy Gnknrkp,Spain
23,Fgysfu Vdumcwxnn,Japan
24,Crnwlqom Argelerz,Canada
25,Qzzfguw Prxcg,Spain
26,Njrj Zomnymtyi,Japan
27,Rftf Ztnpgah,India
28,Ypemd Gmpispjk,Singapore
29,Sxwtk Vjluhmea,Germany
30,Jrff Hallh,India
31,Gwqald Aefkwpnb,India
32,Cklopho Hiuwr,Australia
33,Dtoa Hsfnyn,United States
34,Dvit Htmzhy,Italy
35,Tripdqox Qgtemjb,Brazil
36,Rribjdsu Vqlgyjcrm,France
37,Lggkle Dhzkp,Italy
38,Qfhqone Zluhn,Germany
39,Uvrfm Huzshwfq,Germany
40,Imxntqy Gunklk,Australia
41,Qfjhoczf Gclwmorm,Germany
42,Qmkmcz Xrcbzu,United Kingdom
43,Khogxg Ovlmd,United Kingdom
44,Rgenzymb Lmligm,France
45,Kuwg Laqak,Brazil
46,Ytds Dlhazilm,Canada
47,Ucuf Wrmbny,France
48,Tpiru Jgphhk,United States
49,Lgrsn Ahnoqfvdx,United Kingdom
50,Rkokcfm Hcxkmm,United States
51,Eqbvha Pljkc,Spain
52,Smxygrob Fjlvtbd,South Africa
53,Tdzzvce Fdfclnyh,South Africa
54,Kulq Qscgroqc,Netherlands
55,Qpbmuawy Oqjkno,France
56,Fyna Qhrzrkkd,South Africa
57,Xusu Fwuacho,Spain
58,Qomwxsq Ekfwxip,South Africa
59,Jinu Gqyhz,India
60,Khvyhgom Pzzqznva,United States
61,Kqdblmfb Mbugynfky,India
62,Evgrskx Sqtij,India
63,Imhvpjag Xbyeht,Germany
64,Ijsz Xvkmxfjw,Netherlands
65,Nkwz Btfoklei,South Africa
66,Xxqfv Mqpqbce,Japan
67,Vktnbce Uiazwicmr,Spain
68,Lybfa Fbfquenji,Australia
69,Rsgora Uptwwmtb,France
70,Vbcge Hgmpmupa,Japan
71,Ghxqdl Iavzppaq,Australia
72,Wfnss Zkkaulgd,Netherlands
73,Ccnqnfj Obzkdlf,Canada
74,Tgclny Saxhsofwy,United States
75,Aedyzupp Bvqvducf,Japan
76,Yrkbs Ojrblo,United States
77,Hmkkkjh Tcjfc,India
78,Smnt Ugzgyu,China
79,Koft Uvccdnmak,India
80,Pginbf Amaghbnk,Germany
81,Ffjlcgy Jdpujqud,Brazil
82,Oulg Pbexfyvme,China
83,Ifss Srixuw,Spain
84,Xyeopwai Hvpwviahx,India
85,Jobma Yxkbuccq,Germany
86,Wqchps Yivtpk,United States
87,Gtyqboo Plcybojs,India
88,Wazdd Kmgujpp,United States
89,Hlodvmp Dpgqwzuka,India
90,Zzhnezz Whkvh,Spain
91,Yohrk Ocqrasrv,Brazil
92,Jsqtwua Lrrfrqpt,Netherlands
93,Rnetrbgh Lmqtyao,United Kingdom
94,Qlpefx Xwfmdono,South Africa
95,Fcvtcqr Plceonvo,Canada
96,Gueo Ncyyj,Germany
97,Mcuzzzlt Hqeomrzvm,Australia
98,Dvred Jrupk,Singapore
99,Jivoir Jtftyxt,Canada
100,Npdyisvx Llgzb,Canada
101,Qbeaonn Jiemso,Spain
102,Akypvs Mueetgqg,Germany
103,Prhxvikw Gnkltpfh,Singapore
104,Mudxzcsv Wqmgnuxay,France
105,Pkkzvsl Urcgaj,Japan
106,Ajgnaee Gtrwega,Italy
107,Wcqzncnx Jbndxmt,China
108,Zdva Kniiecxu,United States
109,Rovto Pntrk,Brazil
110,Eogxc Imyazqk,Japan
111,Demukdx Jtcexrhm,United Kingdom
112,Aree Knyokf,Brazil
113,Ocgyo Bedaii,Germany
114,Jbxkg Kcpvgwyg,Brazil
115,Toiqemgu Hxmhk,France
116,Lbutsz Wvmebdopn,Singapore
117,Neoqasqm Badzvx,South Africa
118,Wkxdpe Kyimtgyse,India
119,Bpqxnlfk Cagqqgst,Germany
120,Xqezhos Xikegk,South Africa
121,Hyxll Zcrug,Italy
122,Phlfwbwy Tcamtbeg,United States
123,Yeddvet Qespquxo,South Africa
124,Lxajink Ftmyjvqcz,United States
125,Lvdpgqdr Uvcbm,France
126,Bonw Xefejqr,France
127,Yuxanmff Qsxaunoaw,Netherlands
128,Yokicj Eaixmn,India
129,Xpkx Jrgmmk,India
130,Ewzlkwjm Lsfhbhuf,Italy
131,Bceztu Vojqmvy,India
132,Potkhx Kzrldwd,India
133,Amjhcfd Tdimtnjd,Brazil
134,Nfoamnng Setme,Germany
135,Surgcfk Hpwxxn,United Kingdom
136,Zqzzxjhh Qwaqq,Italy
137,Smqibx Qadeaozj,Italy
138,Isrnt Zmxspcu,United States
139,Qmbrvxbr Doeoczws,United States
140,Xhktkmuk Wuhqtvb,Netherlands
141,Sqzdzchh Nvjdn,Brazil
142,Dbgk Klvxlup,Italy
143,Klvly Nncros,Netherlands
144,Swuakder Jqqgel,Italy
145,Naupyz Bjqdb,Italy
146,Htgdlmrr Yubhvapi,Singapore
147,Tpxhpr Xhxew,France
148,Qtlr Ticjk,Singapore
149,Doeu Dicewydq,United Kingdom
150,Pybby Hghyd,Australia
151,Fjfst Vvfidibbv,France
152,Ulgbszx Myyiazfr,India
153,Hfqvosku Ykfqhshm,China
154,Jzbanbn Qyksp,India
155,Caxaf Taqfykc,Spain
156,Bcjzghy Vwsmqtmnl,South Africa
157,Cgeuvc Ujvhuz,Australia
158,Vjbiypku Alrmlc,Japan
159,Ftushbc Xvszzwptv,France
160,Vtyreos Kjubq,Canada
161,Fjbc Dspcmgucc,South Africa
162,Ckxpcq Eeunfsoz,Netherlands
163,Bpoxs Joyekcigx,South Africa
164,Jlukone Rcqgwcjap,Canada
165,Inoemx Hmetxbgx,Brazil
166,Xumjxmh Qcyio,Spain
167,Innzxo Ehuaufze,Germany
168,Akgfcf Dwfqmomje,China
169,Dfalbf Jbansl,India
170,Hqgd Ynlxqxyh,Brazil
171,Ncyd Wgjos,France
172,Cdqdn Cohvlasxo,South Africa
173,Hqadgdf Flqxa,Italy
174,Etqmaw Egczux,United Kingdom
175,Banxgq Isboj,China
176,Arlujd Dsjzz,Singapore
177,Gcaokq Jeagxhs,China
178,Tpvqtq Juocqxqah,Italy
179,Oaook Mpbxcbar,Australia
180,Cuudrsff Gadua,Italy
181,Ayrjx Dhjcioitu,United States
182,Ugnqixe Jrdnnu,China
183,Kpswozpw Vsyaswe,Australia
184,Zufzehhs Fyszbmy,Japan
185,Oswrcv Bnfomvnu,Germany
186,Yoveqm Juprs,Italy
187,Rwxnbaa Yxhvz,France
188,Ofivzkt Srwsygaac,South Africa
189,Vzsoxgvd Tahafuh,Germany
190,Fthiqnx Hzxvoefg,United States
191,Fjgvadc Ytraxrcf,Japan
192,Xedyblhe Phszmza,Japan
193,Bgxcpxo Bjxjnu,France
194,Oemjcy Eiccz,Australia
195,Otzgxokv Yjghjx,China
196,Tmjhvadr Voueinvbl,South Africa
197,Xrswx Yixsnrvy,Brazil
198,Tdyyl Ufqkilrvb,China
199,Upmeyxw Eatbtjxj,Singapore
200,Lhczm Igzoxds,United States
201,Vqmpr Zigvo,United States
202,Xppxsjbd Xvkepc,Singapore
203,Wnlio Chwtlg,Spain
204,Pofgim Phtvibwe,Canada
205,Suky Bltdglfui,United States
206,Zpvwuk Cobmq,Australia
207,Wmfltz Hpvyoim,Canada
208,Ulevdeqi Sfmigetzn,United Kingdom
209,Eelizg Iqikywe,Canada
210,Tbkyyds Ncxhr,United States
211,Dengk Bjymy,United Kingdom
212,Flqmib Mutqt,Brazil
213,Njbwy Krncyp,Australia
214,Zphv Xkjngndpj,Brazil
215,Phzkfgpo Qrsfkp,Australia
216,Whcwkij Itnrlxze,Australia
217,Oqhuo Easeinvue,Germany
218,Lufttdc Kxlsunjyn,Germany
219,Besz Zdkikkowt,Australia
220,Ykfilhl Dtecdn,Australia
221,Tcike Yoizz,Netherlands
222,Wcfeyo Lzbqc,Singapore
223,Tycjt Ddnzj,Singapore
224,Tlmm Hliygxihq,India
225,Xiadwmi Vxjeblqd,Canada
226,Ywxpck Enasx,Japan
227,Mrrduel Kcpvyjqrx,South Africa
228,Qbdqeoxs Clxemskc,South Africa
229,Rxjnwclf Czmbkt,China
230,Tbhzkze Thzzkbwmi,Brazil
231,Tijs Nikgvanbn,Germany
232,Crkkwm Frday,China
233,Rdiedjb Xlawgwz,Singapore
234,Nwmsnl Cnorcoukz,Japan
235,Luzgf Pqyen,United States
236,Lyvg Lqcooqypy,Brazil
237,Lgkurdya Nmzsqubf,Netherlands
238,Erak Vbyjurapd,Spain
239,Kvrsaen Qdtjxwgiq,United States
240,Dzgj Nojdprqh,Canada
241,Gvmz Rfivfgzhf,Netherlands
242,Clej Qvznrgnpc,Netherlands
243,Pzvxzq Acrjam,United Kingdom
244,Jzifcgw Bgckx,France
245,Xhpamkjw Qorkkuff,South Africa
246,Zjqyu Btjfwcmzu,India
247,Gjciyto Amofhdde,United Kingdom
248,Ovwzx Ggbittt,South Africa
249,Sulkml Yjevdjeu,Australia
250,Tqfrt Wyclzir,United Kingdom
251,Vxwakwq Ovhlser,Singapore
252,Sbulbp Tijybira,Germany
253,Dqlzs Bzxsyqhfd,Spain
254,Euhjqoy Ifwfll,Spain
255,Dmit Phbsfukb,Japan
256,Sbusbqqs Abbnmvoh,Italy
257,Ypuhlgrr Kgktgatcm,Singapore
258,Mzfq Uxopho,Germany
259,Rweyu Mnvend,United Kingdom
260,Drvky Qbtoh,South Africa
261,Pccainyy Bwqoc,France
262,Hyxpc Crunvkcnd,Netherlands
263,Arswme Ghwowtpcy,Canada
264,Nwrtbiid Kklkneix,Australia
265,Udmgh Rwhpdwlk,South Africa
266,Naijeceg Eppwtt,Brazil
267,Ijng Juvxqa,Spain
268,Kwnht Plnbxysb,France
269,Comlg Dpbzxnb,Germany
270,Zyavjw Mgzsy,Netherlands
271,Cwppq Crpbab,India
272,Ogtgr Ymsswgdu,Spain
273,Fjcygoyy Aivejnui,Netherlands
274,Qocso Dtzeimbe,Singapore
275,Teqx Blasbzwit,France
276,Qzqg Vxkpbbdqw,Australia
277,Papgfn Qtrme,Spain
278,Yjqh Qvxka,United States
279,Kwnuj Unutaiuy,South Africa
280,Gtut Sfdguyewr,South Africa
281,Fhhkye Slmds,India
282,Uszlmr Vajws,United States
283,Gwntk Lyegks,India
284,Whxs Wiiukd,Germany
285,Quvry Pysgqam,Italy
286,Pmbgr Ofusacmhu,Canada
287,Idzs Kavxbj,Canada
288,Oqlymzlf Gmyigb,Australia
289,Uqwngje Glebirjkk,Spain
290,Venbyn Khadttz,Canada
291,Yhlxlpht Ypcbkve,Japan
292,Advs Nibadq,Italy
293,Vdrze Pbybfxt,Singapore
294,Etrhigz Ppbxvfn,Singapore
295,Cyavy Aqrdzdf,Brazil
296,Enpslzl Endgccox,United Kingdom
297,Iessvx Vxngugmh,United Kingdom
298,Cpczpql Tnrqm,Singapore
299,Elcdwoe Rzuwfmje,Italy
300,Whtcbr Scwgplhr,United Kingdom
